No.,ID,TIMESTAMP
0,27008,1778535560
1,29720,1778535561
2,28441,1778535562
3,8204,1778535563
4,2871,1778535564
5,18261,1778535565
6,55,1778535566
7,2976,1778535567
8,29632,1778535568
9,23122,1778535569
10,24432,1778535570
11,6048,1778535571
12,1427,1778535572
13,6841,1778535573
14,8750,1778535574
15,21016,1778535575
16,26293,1778535576
17,28157,1778535577
18,635,1778535578
19,5391,1778535579
20,17806,1778535580
21,26852,1778535581
22,20210,1778535582
23,26159,1778535583
24,15313,1778535584
25,29941,1778535585
26,29158,1778535586
27,23947,1778535587
28,20548,1778535588
29,10610,1778535589
30,28230,1778535590
31,12905,1778535591
32,5705,1778535592
33,24464,1778535593
34,1529,1778535594
35,15096,1778535595
36,9239,1778535596
37,23029,1778535597
38,16399,1778535598
39,27681,1778535599
40,10973,1778535600
41,9229,1778535601
42,20173,1778535602
43,22539,1778535603
44,14073,1778535604
45,22621,1778535605
46,15224,1778535606
47,28461,1778535607
48,19103,1778535608
49,24790,1778535609
50,12642,1778535610
51,26093,1778535611
52,24803,1778535612
53,27934,1778535613
54,3933,1778535614
55,14273,1778535615
56,25579,1778535616
57,8900,1778535617
58,10813,1778535618
59,7249,1778535619
60,24602,1778535620
61,26352,1778535621
62,18079,1778535622
63,22207,1778535623
64,16070,1778535624
65,17775,1778535625
66,29760,1778535626
67,9232,1778535627
68,26886,1778535628
69,8251,1778535629
70,15457,1778535630
71,27667,1778535631
72,10632,1778535632
73,1620,1778535633
74,21412,1778535634
75,21061,1778535635
76,21751,1778535636
77,4039,1778535637
78,27266,1778535638
79,17844,1778535639
80,2225,1778535640
81,15966,1778535641
82,28472,1778535642
83,3242,1778535643
84,2998,1778535644
85,17847,1778535645
86,6052,1778535646
87,28887,1778535647
88,13782,1778535648
89,22888,1778535649
90,11460,1778535650
91,17589,1778535651
92,1172,1778535652
93,22299,1778535653
94,21243,1778535654
95,25822,1778535655
96,8683,1778535656
97,6312,1778535657
98,20715,1778535658
99,17072,1778535659
100,18999,1778535660
101,1411,1778535661
102,15295,1778535662
103,27768,1778535663
104,11893,1778535664
105,865,1778535665
106,22091,1778535666
107,10358,1778535667
108,19564,1778535668
109,4855,1778535669
110,25760,1778535670
111,22688,1778535671
112,17470,1778535672
113,10965,1778535673
114,29379,1778535674
115,9450,1778535675
116,187,1778535676
117,11144,1778535677
118,29247,1778535678
119,19550,1778535679
120,2238,1778535680
121,139,1778535681
122,25920,1778535682
123,7376,1778535683
124,8241,1778535684
125,17857,1778535685
126,19242,1778535686
127,23802,1778535687
128,5134,1778535688
129,2187,1778535689
130,13321,1778535690
131,15774,1778535691
132,8094,1778535692
133,25398,1778535693
134,25222,1778535694
135,13769,1778535695
136,24422,1778535696
137,7631,1778535697
138,29881,1778535698
139,11043,1778535699
140,15319,1778535700
141,13503,1778535701
142,20278,1778535702
143,3947,1778535703
144,3653,1778535704
145,13726,1778535705
146,10319,1778535706
147,22017,1778535707
148,8361,1778535708
149,22370,1778535709
150,1348,1778535710
151,18492,1778535711
152,26599,1778535712
153,3952,1778535713
154,1418,1778535714
155,28068,1778535715
156,25638,1778535716
157,4243,1778535717
158,11228,1778535718
159,23358,1778535719
160,6357,1778535720
161,10090,1778535721
162,11001,1778535722
163,22128,1778535723
164,2521,1778535724
165,28260,1778535725
166,15494,1778535726
167,22192,1778535727
168,18753,1778535728
169,10033,1778535729
170,25979,1778535730
171,770,1778535731
172,17799,1778535732
173,29128,1778535733
174,26165,1778535734
175,11092,1778535735
176,21787,1778535736
177,15573,1778535737
178,26153,1778535738
179,19903,1778535739
180,8836,1778535740
181,1919,1778535741
182,16946,1778535742
183,25485,1778535743
184,23086,1778535744
185,8094,1778535745
186,26893,1778535746
187,15084,1778535747
188,23301,1778535748
189,13827,1778535749
190,10950,1778535750
191,29525,1778535751
192,21565,1778535752
193,7783,1778535753
194,26207,1778535754
195,7907,1778535755
196,2739,1778535756
197,3735,1778535757
198,23047,1778535758
199,17257,1778535759
200,3438,1778535760
201,10171,1778535761
202,11901,1778535762
203,13338,1778535763
204,25047,1778535764
205,19170,1778535765
206,8845,1778535766
207,19047,1778535767
208,7925,1778535768
209,1857,1778535769
210,7684,1778535770
211,26841,1778535771
212,29261,1778535772
213,2113,1778535773
214,19387,1778535774
215,23999,1778535775
216,5925,1778535776
217,9218,1778535777
218,14332,1778535778
219,18092,1778535779
220,27984,1778535780
221,28387,1778535781
222,16294,1778535782
223,12289,1778535783
224,13762,1778535784
225,9630,1778535785
226,13692,1778535786
227,3217,1778535787
228,7202,1778535788
229,277,1778535789
230,7520,1778535790
231,21978,1778535791
232,13252,1778535792
233,11095,1778535793
234,8190,1778535794
235,12462,1778535795
236,8487,1778535796
237,28418,1778535797
238,16299,1778535798
239,8762,1778535799
240,4068,1778535800
241,312,1778535801
242,13810,1778535802
243,8867,1778535803
244,24109,1778535804
245,8426,1778535805
246,15299,1778535806
247,22743,1778535807
248,22831,1778535808
249,19689,1778535809
250,1734,1778535810
251,825,1778535811
252,13421,1778535812
253,18782,1778535813
254,12688,1778535814
255,28687,1778535815
256,21044,1778535816
257,12376,1778535817
258,16464,1778535818
259,2194,1778535819
260,18335,1778535820
261,12049,1778535821
262,16101,1778535822
263,4356,1778535823
264,21476,1778535824
265,5670,1778535825
266,23412,1778535826
267,6424,1778535827
268,2029,1778535828
269,1629,1778535829
270,12103,1778535830
271,8785,1778535831
272,9479,1778535832
273,17267,1778535833
274,5936,1778535834
275,16000,1778535835
276,17169,1778535836
277,29253,1778535837
278,28810,1778535838
279,4735,1778535839
280,12315,1778535840
281,19765,1778535841
282,4031,1778535842
283,14634,1778535843
284,5437,1778535844
285,3777,1778535845
286,902,1778535846
287,27798,1778535847
288,26438,1778535848
289,362,1778535849
290,1318,1778535850
291,19592,1778535851
292,12888,1778535852
293,22558,1778535853
294,19411,1778535854
295,23510,1778535855
296,7825,1778535856
297,12557,1778535857
298,24097,1778535858
299,12273,1778535859
300,28979,1778535860
301,7082,1778535861
302,12846,1778535862
303,9567,1778535863
304,17953,1778535864
305,7661,1778535865
306,22453,1778535866
307,10122,1778535867
308,610,1778535868
309,13515,1778535869
310,26249,1778535870
311,28550,1778535871
312,14278,1778535872
313,13698,1778535873
314,22162,1778535874
315,3178,1778535875
316,4064,1778535876
317,26618,1778535877
318,8266,1778535878
319,26980,1778535879
320,2008,1778535880
321,28368,1778535881
322,3345,1778535882
323,612,1778535883
324,20380,1778535884
325,19515,1778535885
326,5516,1778535886
327,22266,1778535887
328,29465,1778535888
329,9596,1778535889
330,20371,1778535890
331,9826,1778535891
332,21441,1778535892
333,22554,1778535893
334,14256,1778535894
335,16833,1778535895
336,884,1778535896
337,18215,1778535897
338,28413,1778535898
339,27243,1778535899
340,23478,1778535900
341,17650,1778535901
342,2985,1778535902
343,10786,1778535903
344,27011,1778535904
345,1677,1778535905
346,18625,1778535906
347,21676,1778535907
348,29569,1778535908
349,9270,1778535909
350,21554,1778535910
351,19387,1778535911
352,20661,1778535912
353,4015,1778535913
354,17293,1778535914
355,16843,1778535915
356,13442,1778535916
357,11910,1778535917
358,19569,1778535918
359,980,1778535919
360,28848,1778535920
361,7496,1778535921
362,17307,1778535922
363,8512,1778535923
364,10060,1778535924
365,8820,1778535925
366,1234,1778535926
367,21886,1778535927
368,12851,1778535928
369,9662,1778535929
370,967,1778535930
371,46,1778535931
372,14358,1778535932
373,19027,1778535933
374,21745,1778535934
375,29489,1778535935
376,27994,1778535936
377,11213,1778535937
378,8687,1778535938
379,23025,1778535939
380,14142,1778535940
381,7495,1778535941
382,24969,1778535942
383,23743,1778535943
384,1551,1778535944
385,15217,1778535945
386,17561,1778535946
387,16964,1778535947
388,15103,1778535948
389,7423,1778535949
390,3225,1778535950
391,8318,1778535951
392,10513,1778535952
393,914,1778535953
394,21865,1778535954
395,4646,1778535955
396,16484,1778535956
397,23614,1778535957
398,2621,1778535958
399,25716,1778535959
400,12462,1778535960
401,24170,1778535961
402,7745,1778535962
403,25303,1778535963
404,73,1778535964
405,14612,1778535965
406,24264,1778535966
407,22980,1778535967
408,24858,1778535968
409,9490,1778535969
410,9119,1778535970
411,24768,1778535971
412,15532,1778535972
413,24571,1778535973
414,19938,1778535974
415,24115,1778535975
416,8301,1778535976
417,14388,1778535977
418,16911,1778535978
419,1074,1778535979
420,23987,1778535980
421,7458,1778535981
422,2905,1778535982
423,21516,1778535983
424,25321,1778535984
425,3001,1778535985
426,9140,1778535986
427,11882,1778535987
428,21547,1778535988
429,24886,1778535989
430,7839,1778535990
431,29720,1778535991
432,5498,1778535992
433,25586,1778535993
434,3534,1778535994
435,3511,1778535995
436,25119,1778535996
437,10445,1778535997
438,7691,1778535998
439,5476,1778535999
440,19057,1778536000
441,10904,1778536001
442,15208,1778536002
443,6002,1778536003
444,9139,1778536004
445,16862,1778536005
446,6565,1778536006
447,4488,1778536007
448,19595,1778536008
449,18833,1778536009
450,16065,1778536010
451,23613,1778536011
452,10816,1778536012
453,24198,1778536013
454,28186,1778536014
455,997,1778536015
456,12786,1778536016
457,16232,1778536017
458,18104,1778536018
459,22141,1778536019
460,6474,1778536020
461,18485,1778536021
462,22862,1778536022
463,27181,1778536023
464,21921,1778536024
465,12590,1778536025
466,22957,1778536026
467,18940,1778536027
468,25122,1778536028
469,15114,1778536029
470,8887,1778536030
471,10526,1778536031
472,19221,1778536032
473,25710,1778536033
474,8645,1778536034
475,3445,1778536035
476,9464,1778536036
477,1036,1778536037
478,15698,1778536038
479,23366,1778536039
480,9367,1778536040
481,4388,1778536041
482,2293,1778536042
483,20972,1778536043
484,9847,1778536044
485,20935,1778536045
486,3578,1778536046
487,3972,1778536047
488,2005,1778536048
489,2002,1778536049
490,21125,1778536050
491,23377,1778536051
492,2487,1778536052
493,5975,1778536053
494,13850,1778536054
495,17068,1778536055
496,23153,1778536056
497,1281,1778536057
498,536,1778536058
499,17788,1778536059
500,19486,1778536060
501,4280,1778536061
502,23265,1778536062
503,15931,1778536063
504,4118,1778536064
505,5741,1778536065
506,12921,1778536066
507,14140,1778536067
508,5252,1778536068
509,2017,1778536069
510,17995,1778536070
511,15685,1778536071
512,21850,1778536072
513,16733,1778536073
514,17673,1778536074
515,8612,1778536075
516,27963,1778536076
517,7327,1778536077
518,14275,1778536078
519,17606,1778536079
520,19280,1778536080
521,24457,1778536081
522,6443,1778536082
523,14770,1778536083
524,6024,1778536084
525,11172,1778536085
526,15893,1778536086
527,2537,1778536087
528,10102,1778536088
529,22254,1778536089
530,11242,1778536090
531,1042,1778536091
532,9338,1778536092
533,5232,1778536093
534,19187,1778536094
535,9761,1778536095
536,5407,1778536096
537,18799,1778536097
538,24640,1778536098
539,5159,1778536099
540,57,1778536100
541,15005,1778536101
542,14244,1778536102
543,25333,1778536103
544,23276,1778536104
545,26076,1778536105
546,19243,1778536106
547,28529,1778536107
548,16820,1778536108
549,23666,1778536109
550,10843,1778536110
551,9261,1778536111
552,22740,1778536112
553,20612,1778536113
554,25897,1778536114
555,25442,1778536115
556,25752,1778536116
557,29097,1778536117
558,16443,1778536118
559,2566,1778536119
560,13957,1778536120
561,16318,1778536121
562,12141,1778536122
563,3263,1778536123
564,29232,1778536124
565,3879,1778536125
566,261,1778536126
567,2141,1778536127
568,28882,1778536128
569,6736,1778536129
570,14640,1778536130
571,8948,1778536131
572,19068,1778536132
573,12405,1778536133
574,6196,1778536134
575,16778,1778536135
576,20049,1778536136
577,11566,1778536137
578,2731,1778536138
579,5423,1778536139
580,5315,1778536140
581,10282,1778536141
582,21597,1778536142
583,15074,1778536143
584,9988,1778536144
585,23220,1778536145
586,28920,1778536146
587,929,1778536147
588,5324,1778536148
589,3038,1778536149
590,12734,1778536150
591,12638,1778536151
592,19945,1778536152
593,4797,1778536153
594,12604,1778536154
595,3394,1778536155
596,10082,1778536156
597,22861,1778536157
598,20345,1778536158
599,21413,1778536159
600,23563,1778536160
601,27322,1778536161
602,7518,1778536162
603,27349,1778536163
604,24255,1778536164
605,6829,1778536165
606,18043,1778536166
607,9680,1778536167
608,4432,1778536168
609,23773,1778536169
610,6030,1778536170
611,17185,1778536171
612,3892,1778536172
613,27496,1778536173
614,10791,1778536174
615,12425,1778536175
616,25456,1778536176
617,27978,1778536177
618,11545,1778536178
619,3861,1778536179
620,10037,1778536180
621,17665,1778536181
622,8683,1778536182
623,18218,1778536183
624,12976,1778536184
625,24573,1778536185
626,19062,1778536186
627,2803,1778536187
628,8485,1778536188
629,13359,1778536189
630,10465,1778536190
631,14342,1778536191
632,18638,1778536192
633,26200,1778536193
634,472,1778536194
635,51,1778536195
636,28462,1778536196
637,7559,1778536197
638,17269,1778536198
639,25567,1778536199
640,24995,1778536200
641,24878,1778536201
642,24281,1778536202
643,26016,1778536203
644,23225,1778536204
645,20956,1778536205
646,28528,1778536206
647,9684,1778536207
648,10620,1778536208
649,10253,1778536209
650,22882,1778536210
651,14967,1778536211
652,13057,1778536212
653,24644,1778536213
654,24564,1778536214
655,8589,1778536215
656,18453,1778536216
657,922,1778536217
658,25838,1778536218
659,26411,1778536219
660,27507,1778536220
661,19907,1778536221
662,29827,1778536222
663,28175,1778536223
664,22168,1778536224
665,28196,1778536225
666,11100,1778536226
667,21589,1778536227
668,11902,1778536228
669,17658,1778536229
670,4762,1778536230
671,13121,1778536231
672,25447,1778536232
673,3227,1778536233
674,3711,1778536234
675,12035,1778536235
676,17448,1778536236
677,28651,1778536237
678,10513,1778536238
679,2733,1778536239
680,29993,1778536240
681,24615,1778536241
682,9773,1778536242
683,28227,1778536243
684,5761,1778536244
685,9838,1778536245
686,13320,1778536246
687,21926,1778536247
688,4587,1778536248
689,10900,1778536249
690,4848,1778536250
691,3385,1778536251
692,10640,1778536252
693,2909,1778536253
694,25413,1778536254
695,27227,1778536255
696,11281,1778536256
697,26811,1778536257
698,17209,1778536258
699,2734,1778536259
700,6403,1778536260
701,11041,1778536261
702,5911,1778536262
703,12646,1778536263
704,3096,1778536264
705,5127,1778536265
706,12779,1778536266
707,10229,1778536267
708,26886,1778536268
709,16374,1778536269
710,16798,1778536270
711,18358,1778536271
712,9883,1778536272
713,6488,1778536273
714,17034,1778536274
715,12201,1778536275
716,10870,1778536276
717,5955,1778536277
718,13114,1778536278
719,1292,1778536279
720,2006,1778536280
721,5043,1778536281
722,7324,1778536282
723,7328,1778536283
724,4577,1778536284
725,10085,1778536285
726,17464,1778536286
727,9465,1778536287
728,29463,1778536288
729,18221,1778536289
730,192,1778536290
731,17862,1778536291
732,3721,1778536292
733,23483,1778536293
734,27698,1778536294
735,3600,1778536295
736,26204,1778536296
737,19239,1778536297
738,22812,1778536298
739,27311,1778536299
740,2326,1778536300
741,12596,1778536301
742,14943,1778536302
743,23122,1778536303
744,11675,1778536304
745,9354,1778536305
746,19769,1778536306
747,355,1778536307
748,11103,1778536308
749,23291,1778536309
750,16403,1778536310
751,5387,1778536311
752,17063,1778536312
753,15024,1778536313
754,21817,1778536314
755,23084,1778536315
756,4087,1778536316
757,5842,1778536317
758,4402,1778536318
759,9064,1778536319
760,5388,1778536320
761,17615,1778536321
762,9001,1778536322
763,14741,1778536323
764,19952,1778536324
765,28304,1778536325
766,14203,1778536326
767,27655,1778536327
768,8746,1778536328
769,26289,1778536329
770,17645,1778536330
771,24961,1778536331
772,9381,1778536332
773,3224,1778536333
774,9118,1778536334
775,25528,1778536335
776,13928,1778536336
777,25291,1778536337
778,20832,1778536338
779,3354,1778536339
780,6007,1778536340
781,27451,1778536341
782,8978,1778536342
783,29090,1778536343
784,4415,1778536344
785,21902,1778536345
786,19067,1778536346
787,18643,1778536347
788,26136,1778536348
789,18684,1778536349
790,7500,1778536350
791,4146,1778536351
792,4508,1778536352
793,27395,1778536353
794,21149,1778536354
795,23198,1778536355
796,2713,1778536356
797,17214,1778536357
798,6340,1778536358
799,21418,1778536359
800,5560,1778536360
801,19395,1778536361
802,18262,1778536362
803,27122,1778536363
804,16770,1778536364
805,10429,1778536365
806,23984,1778536366
807,21395,1778536367
808,28831,1778536368
809,21873,1778536369
810,12394,1778536370
811,12589,1778536371
812,27669,1778536372
813,8403,1778536373
814,3600,1778536374
815,4840,1778536375
816,3734,1778536376
817,10550,1778536377
818,13372,1778536378
819,19726,1778536379
820,13975,1778536380
821,6539,1778536381
822,1057,1778536382
823,13702,1778536383
824,3007,1778536384
825,29613,1778536385
826,28076,1778536386
827,3569,1778536387
828,419,1778536388
829,14392,1778536389
830,17055,1778536390
831,16731,1778536391
832,9073,1778536392
833,11092,1778536393
834,5000,1778536394
835,3411,1778536395
836,426,1778536396
837,8350,1778536397
838,5183,1778536398
839,25473,1778536399
840,25006,1778536400
841,28972,1778536401
842,27602,1778536402
843,15126,1778536403
844,7033,1778536404
845,13047,1778536405
846,13702,1778536406
847,13385,1778536407
848,5588,1778536408
849,14859,1778536409
850,8438,1778536410
851,6873,1778536411
852,10483,1778536412
853,2504,1778536413
854,7562,1778536414
855,789,1778536415
856,26629,1778536416
857,2558,1778536417
858,12129,1778536418
859,27524,1778536419
860,22309,1778536420
861,6016,1778536421
862,26899,1778536422
863,9497,1778536423
864,6328,1778536424
865,8391,1778536425
866,7159,1778536426
867,12777,1778536427
868,18377,1778536428
869,10274,1778536429
870,11332,1778536430
871,11545,1778536431
872,4849,1778536432
873,28153,1778536433
874,674,1778536434
875,3504,1778536435
876,22407,1778536436
877,7439,1778536437
878,15375,1778536438
879,9128,1778536439
880,26759,1778536440
881,27414,1778536441
882,1032,1778536442
883,10086,1778536443
884,10599,1778536444
885,25834,1778536445
886,26857,1778536446
887,26837,1778536447
888,11620,1778536448
889,25219,1778536449
890,2970,1778536450
891,15772,1778536451
892,28717,1778536452
893,14283,1778536453
894,7296,1778536454
895,14278,1778536455
896,22478,1778536456
897,10515,1778536457
898,12365,1778536458
899,21628,1778536459
900,10487,1778536460
901,3426,1778536461
902,25143,1778536462
903,17244,1778536463
904,12961,1778536464
905,370,1778536465
906,24319,1778536466
907,17766,1778536467
908,20905,1778536468
909,21854,1778536469
910,1596,1778536470
911,3919,1778536471
912,6426,1778536472
913,11491,1778536473
914,27092,1778536474
915,25299,1778536475
916,5252,1778536476
917,27364,1778536477
918,3843,1778536478
919,9048,1778536479
920,1154,1778536480
921,9557,1778536481
922,17808,1778536482
923,22106,1778536483
924,26901,1778536484
925,10716,1778536485
926,14130,1778536486
927,14513,1778536487
928,12181,1778536488
929,21135,1778536489
930,26004,1778536490
931,21923,1778536491
932,5184,1778536492
933,19074,1778536493
934,24514,1778536494
935,24453,1778536495
936,26836,1778536496
937,3082,1778536497
938,7236,1778536498
939,21717,1778536499
940,23038,1778536500
941,25739,1778536501
942,12390,1778536502
943,18200,1778536503
944,23080,1778536504
945,13026,1778536505
946,21530,1778536506
947,29683,1778536507
948,3715,1778536508
949,27510,1778536509
950,16133,1778536510
951,23386,1778536511
952,24090,1778536512
953,19493,1778536513
954,6486,1778536514
955,17468,1778536515
956,17039,1778536516
957,11234,1778536517
958,11478,1778536518
959,7499,1778536519
960,13967,1778536520
961,2944,1778536521
962,25913,1778536522
963,25989,1778536523
